Cluster1:,1.0,1
Cluster2:,1.0,1
Cluster3:,0.170984549048,5566
Cluster4:,0.6,2
Cluster5:,0.237974683544,158
