Cluster1:,0.2,1
Cluster2:,1.0,1
Cluster3:,0.193498002179,5506
Cluster4:,0.352073732719,217
Cluster5:,1.0,1
Cluster6:,0.6,2
