Cluster1:,1.0,1
Cluster2:,1.0,1
Cluster3:,0.154269972452,5566
Cluster4:,0.566666666667,2
Cluster5:,0.193670886076,158
