Cluster1:,0.375,8
Cluster2:,0.305555555556,12
Cluster3:,0.833333333333,2
Cluster4:,0.47537717051,1171
Cluster5:,0.4140625,128
Cluster6:,0.666666666667,2
Cluster7:,0.159137343927,4405
