Cluster1:,0.1,1
Cluster2:,1.0,1
Cluster3:,0.169614965492,5506
Cluster4:,0.254838709677,217
Cluster5:,1.0,1
Cluster6:,0.55,2
