Cluster1:,1.0,1
Cluster2:,1.0,1
Cluster3:,0.222781171398,5566
Cluster4:,0.833333333333,2
Cluster5:,0.455696202532,158
