Cluster1:,1.0,1
Cluster2:,1.0,1
Cluster3:,0.195724038807,5566
Cluster4:,0.7,2
Cluster5:,0.339240506329,158
