Cluster1:,0.05,1
Cluster2:,1.0,1
Cluster3:,0.141600072648,5506
Cluster4:,0.179723502304,217
Cluster5:,1.0,1
Cluster6:,0.525,2
