Cluster1:,0.325,8
Cluster2:,0.266666666667,12
Cluster3:,0.7,2
Cluster4:,0.391972672929,1171
Cluster5:,0.30625,128
Cluster6:,0.6,2
Cluster7:,0.148104426788,4405
