Cluster1:,0.85,1
Cluster2:,0.75,1
Cluster3:,0.14209486166,5566
Cluster4:,0.5,2
Cluster5:,0.168670886076,158
